{
  "dqn_lr1e-3_default": 171.27683202575426,
  "dqn_lr5e-4": 141.7047658417779,
  "dqn_lr1e-4": 196.5075441124957,
  "dqn_gamma_095": -23.12072914499314,
  "dqn_larger_net": -414.97274543166924,
  "dqn_batch128": 155.34078151167952
}